{
  "test/integration/pages/SuppliersList-dbg.js": 1718302682659,
  "test/testsuite.qunit.js": 1718302682659,
  "test/integration/pages/SuppliersList.js": 1718302682659,
  "test/integration/opaTests.qunit.js": 1718302682659,
  "test/integration/FirstJourney.js": 1718302682659,
  "test/integration/pages/SuppliersObjectPage.js": 1718302682659,
  "xs-app.json": 1718320998589,
  "manifest.json": 1718302682659,
  "Component.js": 1718302682659,
  "test/integration/pages/SuppliersObjectPage-dbg.js": 1718302682659,
  "test/integration/pages/SuppliersObjectPage.js.map": 1718323891434,
  "i18n/i18n.properties": 1718302682659,
  "test/integration/pages/SuppliersList.js.map": 1718323891414,
  "test/integration/opaTests.qunit-dbg.js": 1718302682659,
  "test/integration/opaTests.qunit.js.map": 1718323891436,
  "test/integration/FirstJourney-dbg.js": 1718302682659,
  "test/integration/FirstJourney.js.map": 1718323891423,
  "test/testsuite.qunit-dbg.js": 1718302682659,
  "test/testsuite.qunit.js.map": 1718323891417,
  "Component-dbg.js": 1718302682659,
  "Component.js.map": 1718323891419,
  "Component-preload.js": 1718323891510,
  "Component-preload.js.map": 1718323891510,
  "test/integration/opaTests.qunit.html": 1718302682659,
  "test/testsuite.qunit.html": 1718302682659,
  "test/flpSandbox.html": 1718302682659,
  "index.html": 1718302682659
}