{
  "test/integration/FirstJourney.js": 1718285292824,
  "xs-app.json": 1718298142799,
  "test/integration/pages/SuppliersList.js": 1718285292812,
  "test/integration/opaTests.qunit.js": 1718285292780,
  "i18n/i18n.properties": 1718285328911,
  "test/testsuite.qunit.js": 1718285292776,
  "test/integration/pages/SuppliersObjectPage.js": 1718285292812,
  "manifest.json": 1718286523385,
  "Component.js": 1718285292608,
  "Component-dbg.js": 1718285292608,
  "Component.js.map": 1718298151025,
  "test/integration/opaTests.qunit-dbg.js": 1718285292780,
  "test/integration/opaTests.qunit.js.map": 1718298151022,
  "test/integration/FirstJourney-dbg.js": 1718285292824,
  "test/integration/FirstJourney.js.map": 1718298151034,
  "test/testsuite.qunit-dbg.js": 1718285292776,
  "test/testsuite.qunit.js.map": 1718298151029,
  "test/integration/pages/SuppliersObjectPage-dbg.js": 1718285292812,
  "test/integration/pages/SuppliersObjectPage.js.map": 1718298151025,
  "test/integration/pages/SuppliersList-dbg.js": 1718285292812,
  "test/integration/pages/SuppliersList.js.map": 1718298151029,
  "Component-preload.js": 1718298151099,
  "Component-preload.js.map": 1718298151100,
  "test/integration/opaTests.qunit.html": 1718285292780,
  "test/testsuite.qunit.html": 1718285292728,
  "test/flpSandbox.html": 1718285292728,
  "index.html": 1718285292616
}